activityExecutionId,sourceActivityId,actorId,intent,processModelId,plannedStart,plannedEnd,actualStart,actualEnd,status,actionExecutionIds,deviationIds,failureCode
activity_cd88f2d962e46688,act_10_01,tommaso_bianchi,wake_up,pm_wake_up,2026-08-10T06:30:00+02:00,2026-08-10T06:40:00+02:00,2026-08-10T06:30:00+02:00,2026-08-10T06:40:00+02:00,completed,"[""action_da9b5733d5590849"",""action_2b56ddeec7a02f05""]",[],
activity_03a9fec63c1b1d97,act_10_02,tommaso_bianchi,take_morning_medication,pm_take_medication,2026-08-10T06:45:00+02:00,2026-08-10T06:50:00+02:00,2026-08-10T06:45:00+02:00,2026-08-10T06:50:00+02:00,completed,"[""action_5a5a3755d9139299"",""action_5e2cb440bc24e157"",""action_57658f07e65a9cc0"",""action_697c2e674853e365""]",[],
activity_52efb371df26d3f3,act_10_03,tommaso_bianchi,morning_toilet_and_shower,pm_morning_toilet_and_shower,2026-08-10T06:50:00+02:00,2026-08-10T07:10:00+02:00,2026-08-10T06:50:00+02:00,2026-08-10T07:10:00+02:00,completed,"[""action_b1b4dac205544a82"",""action_aef34fcf5640138b"",""action_c50ff4b9a34e60c6"",""action_ffa07dd9e928b3f7"",""action_92c562f3424b5b86""]",[],
activity_4b43853737a04579,act_10_04,tommaso_bianchi,prepare_and_eat_breakfast,pm_prepare_and_eat_breakfast,2026-08-10T07:15:00+02:00,2026-08-10T07:40:00+02:00,2026-08-10T07:15:00+02:00,2026-08-10T07:39:59.999996+02:00,completed,"[""action_60f27f894b1701d6"",""action_48b1daaa4c894beb"",""action_4d9345846004e422"",""action_750998f205b353c8"",""action_ba8bfb88e853b716"",""action_54cabf57f67a8d8c"",""action_0fe40b3cc4bfcca1"",""action_59952282931ba44a"",""action_f9991b2f41fd818d"",""action_d388c6ea5ba1c95c"",""action_22bd18875d0301f2""]",[],
activity_438989b59786224c,act_10_05,tommaso_bianchi,commute_to_work,pm_commute_to_work,2026-08-10T07:45:00+02:00,2026-08-10T08:15:00+02:00,2026-08-10T07:45:00+02:00,2026-08-10T08:15:00+02:00,completed,"[""action_2fcd2c319014c803"",""action_f0a5446b87a4b555"",""action_0ec05db65712d43b""]",[],
activity_4dab15a033adb542,act_10_06,tommaso_bianchi,work_shift,pm_work_shift,2026-08-10T08:15:00+02:00,2026-08-10T16:15:00+02:00,2026-08-10T08:15:00+02:00,2026-08-10T16:15:00+02:00,completed,"[""action_ad3ec419f820b940"",""action_ca6a3ee80721633a"",""action_a6f41f58b642745d""]",[],
activity_2bbcbd95de321116,act_10_07,tommaso_bianchi,commute_home,pm_commute_home,2026-08-10T16:15:00+02:00,2026-08-10T16:45:00+02:00,2026-08-10T16:15:00+02:00,2026-08-10T16:45:00+02:00,completed,"[""action_36a2d52edfe1d411"",""action_bca88f19379a9e7d"",""action_2f82d9d19b121f48"",""action_41086a74f4f7082f"",""action_e1b00aea42e580cf""]",[],
activity_850b9ddfb9072781,act_10_08,tommaso_bianchi,rest_and_read,pm_rest_and_read,2026-08-10T17:00:00+02:00,2026-08-10T19:00:00+02:00,2026-08-10T17:00:00+02:00,2026-08-10T19:00:00+02:00,completed,"[""action_1caed63759860ff2"",""action_f58dc6c8106e5e27"",""action_da5d0f91260dcfb9"",""action_fd62e1e441ae8663"",""action_c7f23f2d000a58fe""]",[],
activity_7703eaf423554bd7,act_10_09,tommaso_bianchi,evening_walk,pm_evening_walk,2026-08-10T19:30:00+02:00,2026-08-10T20:15:00+02:00,2026-08-10T19:30:00+02:00,2026-08-10T20:15:00+02:00,completed,"[""action_7bfe468656b2ee6f"",""action_c4321c8f1de9864a"",""action_733a8388721cbc35"",""action_16c6accb0a989b8a""]",[],
activity_236c4174a091e17b,act_10_10,tommaso_bianchi,travel_home,pm_travel_home,2026-08-10T20:20:00+02:00,2026-08-10T20:35:00+02:00,2026-08-10T20:20:00+02:00,2026-08-10T20:35:00+02:00,completed,"[""action_2c3e8fdc3156d620"",""action_9f77dd49f3f15aa2"",""action_cbe82931461530f8"",""action_d1d3d4fec790de58"",""action_c22fa4d59bbe5acf""]",[],
activity_b44edf2d9a4bbb6b,act_10_11,tommaso_bianchi,evening_hygiene,pm_evening_hygiene,2026-08-10T21:30:00+02:00,2026-08-10T21:45:00+02:00,2026-08-10T21:30:00+02:00,2026-08-10T21:45:00+02:00,completed,"[""action_0b02e90ab8de882a"",""action_706064ad7849e96e""]",[],
activity_27f8d37739a1ce73,act_10_12,tommaso_bianchi,sleep,pm_sleep,2026-08-10T22:30:00+02:00,2026-08-11T06:30:00+02:00,2026-08-10T22:30:00+02:00,2026-08-11T06:30:00+02:00,completed,"[""action_5b31e8674ddcf8de"",""action_b4c4ce36e757b712"",""action_9bd42c3263a3b597""]",[],
activity_7246a123072e12c0,act_11_01,tommaso_bianchi,wake_up,pm_wake_up,2026-08-11T06:30:00+02:00,2026-08-11T06:40:00+02:00,2026-08-11T06:30:00+02:00,2026-08-11T06:40:00+02:00,completed,"[""action_134e062bbd0eaffa"",""action_84d652aa43852a14""]",[],
activity_99681a3e8f49a4fe,act_11_02,tommaso_bianchi,take_morning_medication,pm_take_medication,2026-08-11T06:45:00+02:00,2026-08-11T06:50:00+02:00,2026-08-11T06:45:00+02:00,2026-08-11T06:50:00+02:00,completed,"[""action_b2b1aa1b74ba9f53"",""action_c1eade5e8a7336ba"",""action_b4847ed99db0fb04"",""action_d9f1dbdec796f0ad""]",[],
activity_6e97a3e9b6102dbe,act_11_03,tommaso_bianchi,morning_toilet_and_shower,pm_morning_toilet_and_shower,2026-08-11T06:50:00+02:00,2026-08-11T07:10:00+02:00,2026-08-11T06:50:00+02:00,2026-08-11T07:10:00+02:00,completed,"[""action_4c3808e150e4d083"",""action_d1a07e592b1faebf"",""action_d2d6f14782d74da0"",""action_5d2059d939164c04"",""action_ef1fcb66371b3a85""]",[],
activity_643e1a6b1c626a4d,act_11_04,tommaso_bianchi,prepare_and_eat_breakfast,pm_prepare_and_eat_breakfast,2026-08-11T07:15:00+02:00,2026-08-11T07:40:00+02:00,2026-08-11T07:15:00+02:00,2026-08-11T07:39:59.999996+02:00,completed,"[""action_01ac70cbbf833797"",""action_17805f1506d21f0e"",""action_a0b7e04de67d4167"",""action_940d3de877ebef2d"",""action_6efc1feb6f69a117"",""action_e7e91969e375a640"",""action_7493ccb1850faec4"",""action_5bf1cc9b3512b641"",""action_6c9aad1214650d74"",""action_4a4bc95464f335ec"",""action_e5dc070c76074ce5""]",[],
activity_70380e230de40107,act_11_05,tommaso_bianchi,commute_to_work,pm_commute_to_work,2026-08-11T07:45:00+02:00,2026-08-11T08:15:00+02:00,2026-08-11T07:45:00+02:00,2026-08-11T08:15:00+02:00,completed,"[""action_14dcbffca71b2bba"",""action_9268caeb3cb50380"",""action_5da28ab0ba109499""]",[],
activity_21c6f9c881cdc8b6,act_11_06,tommaso_bianchi,work_shift,pm_work_shift,2026-08-11T08:15:00+02:00,2026-08-11T16:15:00+02:00,2026-08-11T08:15:00+02:00,2026-08-11T16:15:00+02:00,completed,"[""action_306ac18692f6fc94"",""action_baa6bc8c329c861c"",""action_1ef194666ff4c473""]",[],
activity_7e512f52f0894daa,act_11_07,tommaso_bianchi,commute_home,pm_commute_home,2026-08-11T16:15:00+02:00,2026-08-11T16:45:00+02:00,2026-08-11T16:15:00+02:00,2026-08-11T16:45:00+02:00,completed,"[""action_3fa00c7a45f60995"",""action_11ea9a9037410721"",""action_ec1537b817c7d989"",""action_0ee09f2d4bdfb434"",""action_54731ce2581c8c5d""]",[],
activity_914c8fd30c1954f8,act_11_08,tommaso_bianchi,travel_to_pharmacy,pm_travel_to_pharmacy,2026-08-11T17:30:00+02:00,2026-08-11T17:45:00+02:00,2026-08-11T17:30:00+02:00,2026-08-11T17:45:00+02:00,completed,"[""action_851a8fb5099ffa35"",""action_7f921fdccfa5006a"",""action_3dd074a8f25200ec""]",[],
activity_fffb3549b2129795,act_11_09,tommaso_bianchi,collect_medication_refill,pm_collect_medication_refill,2026-08-11T17:50:00+02:00,2026-08-11T18:00:00+02:00,2026-08-11T17:50:00+02:00,2026-08-11T18:00:00+02:00,completed,"[""action_252384397c8b1bde"",""action_500dc534a3823b6e"",""action_3f6b400f4d13ab68""]",[],
activity_b187e33ba1fdcdc2,act_11_10,tommaso_bianchi,travel_home,pm_travel_home,2026-08-11T18:05:00+02:00,2026-08-11T18:20:00+02:00,2026-08-11T18:05:00+02:00,2026-08-11T18:20:00+02:00,completed,"[""action_806f3d8e67e217fa"",""action_5560810d97202c77"",""action_97312bcba2d5db42"",""action_b4e10db6cc8fdf30"",""action_69fc8496f5101bd5""]",[],
activity_24efe376cbc16d3b,act_11_11,tommaso_bianchi,watch_evening_television,pm_watch_evening_television,2026-08-11T19:00:00+02:00,2026-08-11T20:30:00+02:00,2026-08-11T19:00:00+02:00,2026-08-11T20:30:00+02:00,completed,"[""action_a299e4ea795e6e7a"",""action_9371095ce44d0c05"",""action_b0f256eaa93bda04"",""action_faa6c415a111a2d0"",""action_b76866fc2349f470""]",[],
activity_c8f4fe8f62c58496,act_11_12,tommaso_bianchi,evening_hygiene,pm_evening_hygiene,2026-08-11T21:30:00+02:00,2026-08-11T21:45:00+02:00,2026-08-11T21:30:00+02:00,2026-08-11T21:45:00+02:00,completed,"[""action_42e08d6eb09991dc"",""action_79cc03ac417d7233""]",[],
activity_47affcaa6fce9e8c,act_11_13,tommaso_bianchi,sleep,pm_sleep,2026-08-11T22:30:00+02:00,2026-08-12T06:30:00+02:00,2026-08-11T22:30:00+02:00,2026-08-12T06:30:00+02:00,completed,"[""action_36eb0dd91cdbab5c"",""action_2d56be3275e47740"",""action_67d937f9a1b0391c""]",[],
activity_44f31da2635301a4,act_12_01,tommaso_bianchi,wake_up,pm_wake_up,2026-08-12T06:30:00+02:00,2026-08-12T06:40:00+02:00,2026-08-12T06:30:00+02:00,2026-08-12T06:40:00+02:00,completed,"[""action_4b84d0bce4842086"",""action_270016ae524c023b""]",[],
activity_925661ae2f1fc9b2,act_12_02,tommaso_bianchi,take_morning_medication,pm_take_medication,2026-08-12T06:45:00+02:00,2026-08-12T06:50:00+02:00,2026-08-12T06:45:00+02:00,2026-08-12T06:50:00+02:00,completed,"[""action_c342edaa68cf0f49"",""action_1a95118b208308d8"",""action_9e26bb7ecf1b8ef2"",""action_0efe2e3d2372cf59""]",[],
activity_061d3b8f4aca02f4,act_12_03,tommaso_bianchi,morning_toilet_and_shower,pm_morning_toilet_and_shower,2026-08-12T06:50:00+02:00,2026-08-12T07:10:00+02:00,2026-08-12T06:50:00+02:00,2026-08-12T07:10:00+02:00,completed,"[""action_8a1c86a8e9e70ce2"",""action_307e94ae2e2a8dee"",""action_2578bbb700f6be88"",""action_0d370dc0730abc1b"",""action_5f6645188ec56e8e""]",[],
activity_815e75c61177ab0c,act_12_04,tommaso_bianchi,prepare_and_eat_breakfast,pm_prepare_and_eat_breakfast,2026-08-12T07:15:00+02:00,2026-08-12T07:40:00+02:00,2026-08-12T07:15:00+02:00,2026-08-12T07:39:59.999996+02:00,completed,"[""action_159afa1fc6671516"",""action_3a3c07e006a0e384"",""action_be0264ad4ef010b6"",""action_9344731c02add706"",""action_f583a813375db1b3"",""action_0895107f148bb66e"",""action_3ad11d7b5998a35e"",""action_ceac39c69fb9db25"",""action_eb1136a588e7e4d3"",""action_4c5d53717bbb3e1e"",""action_200faf46cd2c075f""]",[],
activity_32280b1da2a2c7ec,act_12_05,tommaso_bianchi,commute_to_work,pm_commute_to_work,2026-08-12T07:45:00+02:00,2026-08-12T08:15:00+02:00,2026-08-12T07:45:00+02:00,2026-08-12T08:15:00+02:00,completed,"[""action_eca71c7844829b38"",""action_f33e6e47f63a2dab"",""action_1410c014b58fd93f""]",[],
activity_aa989c2426373015,act_12_06,tommaso_bianchi,work_shift,pm_work_shift,2026-08-12T08:15:00+02:00,2026-08-12T16:15:00+02:00,2026-08-12T08:15:00+02:00,2026-08-12T16:15:00+02:00,completed,"[""action_30cdc2e6ca5423cd"",""action_5dfd7c12f02349a0"",""action_706b5c5f7f87ddd5""]",[],
activity_5c816517bba4f358,act_12_07,tommaso_bianchi,commute_home,pm_commute_home,2026-08-12T16:15:00+02:00,2026-08-12T16:45:00+02:00,2026-08-12T16:15:00+02:00,2026-08-12T16:45:00+02:00,completed,"[""action_d44447bfa2a49d8f"",""action_1ffe7ea502c2caf5"",""action_aa578b94bcfa98db"",""action_e418d78b839dd984"",""action_039b9a669767c5a0""]",[],
activity_73f1a10c8889f6df,act_12_08,tommaso_bianchi,clean_kitchen,pm_clean_kitchen,2026-08-12T17:30:00+02:00,2026-08-12T18:00:00+02:00,2026-08-12T17:30:00+02:00,2026-08-12T18:00:00+02:00,completed,"[""action_c9da473c7fadd271"",""action_562488839212050e"",""action_41a330d657ea0c46"",""action_5172756571b874ca""]",[],
activity_860cced324bb9a08,act_12_09,tommaso_bianchi,read,pm_read,2026-08-12T19:00:00+02:00,2026-08-12T20:00:00+02:00,2026-08-12T19:00:00+02:00,2026-08-12T20:00:00+02:00,completed,"[""action_d9cdb58a1103861f"",""action_75779fb3f70a1051"",""action_15c8d17a3d7526ff""]",[],
activity_a4d5abebcf701d22,act_12_10,tommaso_bianchi,evening_hygiene,pm_evening_hygiene,2026-08-12T21:30:00+02:00,2026-08-12T21:45:00+02:00,2026-08-12T21:30:00+02:00,2026-08-12T21:45:00+02:00,completed,"[""action_8f8f0d0607549457"",""action_51937cddb28a9910""]",[],
activity_b02d5fcc21589319,act_12_11,tommaso_bianchi,sleep,pm_sleep,2026-08-12T22:30:00+02:00,2026-08-13T06:30:00+02:00,2026-08-12T22:30:00+02:00,2026-08-13T06:30:00+02:00,completed,"[""action_ead7182276f43297"",""action_842f3820ba562028"",""action_159a903151b81f6a""]",[],
activity_5daf122741ea9b58,act_13_01,tommaso_bianchi,wake_up,pm_wake_up,2026-08-13T06:30:00+02:00,2026-08-13T06:40:00+02:00,2026-08-13T06:30:00+02:00,2026-08-13T06:40:00+02:00,completed,"[""action_2fd43d040df5addc"",""action_53526ef2cc6d9f81""]",[],
activity_ca3f3a2bb121aba6,act_13_02,tommaso_bianchi,take_morning_medication,pm_take_medication,2026-08-13T06:45:00+02:00,2026-08-13T06:50:00+02:00,2026-08-13T06:45:00+02:00,2026-08-13T06:50:00+02:00,completed,"[""action_b46a82d777605ba7"",""action_cf3bf7df78d74fbb"",""action_2b29219da9b2e090"",""action_d94f2c2da9dba601""]",[],
activity_4fee2e8c1da79edd,act_13_03,tommaso_bianchi,morning_toilet_and_shower,pm_morning_toilet_and_shower,2026-08-13T06:50:00+02:00,2026-08-13T07:10:00+02:00,2026-08-13T06:50:00+02:00,2026-08-13T07:10:00+02:00,completed,"[""action_2fbc821ee1b647bb"",""action_6d15d2b4be62f96c"",""action_33cdd8bad7e649e9"",""action_69cc65e4ddc6c1f5"",""action_b3659c8d09c9f00f""]",[],
activity_b9283b223b97a0ca,act_13_04,tommaso_bianchi,prepare_and_eat_breakfast,pm_prepare_and_eat_breakfast,2026-08-13T07:15:00+02:00,2026-08-13T07:40:00+02:00,2026-08-13T07:15:00+02:00,2026-08-13T07:39:59.999996+02:00,completed,"[""action_5a97572fca203292"",""action_9d8fb19a944fd08b"",""action_922bfc46efbdd87b"",""action_4eaa94631aeb9e25"",""action_7605e8d43de103a3"",""action_458a923499da9f92"",""action_e3432849668f99fa"",""action_cbed00ea844ca26b"",""action_e1847716bfb7d603"",""action_8bc611cb0d81033c"",""action_f4bbb53fcfe7e0a9""]",[],
activity_3815f75f6189cd16,act_13_05,tommaso_bianchi,commute_to_work,pm_commute_to_work,2026-08-13T07:45:00+02:00,2026-08-13T08:15:00+02:00,2026-08-13T07:45:00+02:00,2026-08-13T08:15:00+02:00,completed,"[""action_3fcb93ff5968a2ee"",""action_d72d7260535131f4"",""action_ad872ce3a999bc8a""]",[],
activity_9c7feeff666f2a54,act_13_06,tommaso_bianchi,work_shift,pm_work_shift,2026-08-13T08:15:00+02:00,2026-08-13T16:15:00+02:00,2026-08-13T08:15:00+02:00,2026-08-13T16:15:00+02:00,completed,"[""action_144fcef9340ad1cd"",""action_b132140855b2e547"",""action_db631f87d3a7d89e""]",[],
activity_64e842f032bf147c,act_13_07,tommaso_bianchi,commute_home,pm_commute_home,2026-08-13T16:15:00+02:00,2026-08-13T16:45:00+02:00,2026-08-13T16:15:00+02:00,2026-08-13T16:45:00+02:00,completed,"[""action_0502929e2b14e36f"",""action_db3c1f225cad726a"",""action_0d811561a79dbf1f"",""action_861072d48927fd55"",""action_2d4bb246e63e4a0c""]",[],
activity_44c66278a54b6446,act_13_08,tommaso_bianchi,start_laundry,pm_start_laundry,2026-08-13T17:30:00+02:00,2026-08-13T17:45:00+02:00,2026-08-13T17:30:00+02:00,2026-08-13T17:45:00+02:00,completed,"[""action_33335c2f998c884c"",""action_fe07090592828e9e"",""action_a23155dce4f4a638"",""action_6eafc330879db3aa""]",[],
activity_4d51d025a619ded9,act_13_09,tommaso_bianchi,hang_laundry,pm_hang_laundry,2026-08-13T19:00:00+02:00,2026-08-13T19:15:00+02:00,2026-08-13T19:00:00+02:00,2026-08-13T19:15:00+02:00,completed,"[""action_e64f9c0cd7f1e484"",""action_5eabf5175aebbd8c""]",[],
activity_e651cffb4dba8f24,act_13_10,tommaso_bianchi,evening_hygiene,pm_evening_hygiene,2026-08-13T21:30:00+02:00,2026-08-13T21:45:00+02:00,2026-08-13T21:30:00+02:00,2026-08-13T21:45:00+02:00,completed,"[""action_5ec233bbb75c7b4c"",""action_64acf5a60e7948df""]",[],
activity_5e9d4a96efa995a3,act_13_11,tommaso_bianchi,sleep,pm_sleep,2026-08-13T22:30:00+02:00,2026-08-14T06:30:00+02:00,2026-08-13T22:30:00+02:00,2026-08-14T06:30:00+02:00,completed,"[""action_3c896acc2631ccf2"",""action_1e4139ac837b17cb"",""action_fde984a53c21f6c8""]",[],
activity_a5954dc5ddece62e,act_14_01,tommaso_bianchi,wake_up,pm_wake_up,2026-08-14T06:30:00+02:00,2026-08-14T06:40:00+02:00,2026-08-14T06:30:00+02:00,2026-08-14T06:40:00+02:00,completed,"[""action_9907905092f3c43b"",""action_0c4dda96d411b5e3""]",[],
activity_b676e61031b3d162,act_14_02,tommaso_bianchi,take_morning_medication,pm_take_medication,2026-08-14T06:45:00+02:00,2026-08-14T06:50:00+02:00,2026-08-14T06:45:00+02:00,2026-08-14T06:50:00+02:00,completed,"[""action_61b5060f63c797d5"",""action_0dcb3f839b08d96d"",""action_b5eac02a1cea9538"",""action_2be769ed828aa3bf""]",[],
activity_e3cf4c9153e47764,act_14_03,tommaso_bianchi,morning_toilet_and_shower,pm_morning_toilet_and_shower,2026-08-14T06:50:00+02:00,2026-08-14T07:10:00+02:00,2026-08-14T06:50:00+02:00,2026-08-14T07:10:00+02:00,completed,"[""action_0be3ec6995f4ccc5"",""action_455ad0e1c1987178"",""action_f4c9f4744ec17c20"",""action_a4f261fcf3538fd8"",""action_2b089e8c59bd0bc7""]",[],
activity_f9ec55eef4905a9f,act_14_04,tommaso_bianchi,prepare_and_eat_breakfast,pm_prepare_and_eat_breakfast,2026-08-14T07:15:00+02:00,2026-08-14T07:40:00+02:00,2026-08-14T07:15:00+02:00,2026-08-14T07:39:59.999996+02:00,completed,"[""action_4e562db1fb820610"",""action_5ec31507a3db6fea"",""action_fa6bb61250c7cf8a"",""action_3d84c18781427c3f"",""action_1d3d72a54a037bb1"",""action_a8f4dc07279b5757"",""action_eaf44a5115315443"",""action_417caf946c482142"",""action_f6f1a4f82f395eaf"",""action_4186d6c8d9767bf3"",""action_0c8c24191a996809""]",[],
activity_6b9b638bf9e8219b,act_14_05,tommaso_bianchi,commute_to_work,pm_commute_to_work,2026-08-14T07:45:00+02:00,2026-08-14T08:15:00+02:00,2026-08-14T07:45:00+02:00,2026-08-14T08:15:00+02:00,completed,"[""action_2a88fb8a15e0b629"",""action_6f9f42fe8df26a8e"",""action_238473014238ade4""]",[],
activity_29d953512cda54c1,act_14_06,tommaso_bianchi,work_shift,pm_work_shift,2026-08-14T08:15:00+02:00,2026-08-14T16:15:00+02:00,2026-08-14T08:15:00+02:00,2026-08-14T16:15:00+02:00,completed,"[""action_9a8a7e5a17547542"",""action_5292dd752afd451b"",""action_7fa8dae45674bd2d""]",[],
activity_0fccb6642928190b,act_14_07,tommaso_bianchi,commute_home,pm_commute_home,2026-08-14T16:15:00+02:00,2026-08-14T16:45:00+02:00,2026-08-14T16:15:00+02:00,2026-08-14T16:45:00+02:00,completed,"[""action_5ff874d2affd4510"",""action_b4e468b7a14b2c3e"",""action_74cd8bf0f207ab2a"",""action_30672f8c830d4438"",""action_3187103c44400058""]",[],
activity_8028d03a5c835cf8,act_14_08,tommaso_bianchi,travel_to_supermarket,pm_travel_to_supermarket,2026-08-14T17:30:00+02:00,2026-08-14T17:45:00+02:00,2026-08-14T17:30:00+02:00,2026-08-14T17:45:00+02:00,completed,"[""action_4b93b9e9f28883cc"",""action_036b4cbd12dd3c2f"",""action_d3f55680da5d13ea""]",[],
activity_7411d4d5d1b144b3,act_14_09,tommaso_bianchi,buy_groceries,pm_buy_groceries,2026-08-14T17:50:00+02:00,2026-08-14T18:20:00+02:00,2026-08-14T17:50:00+02:00,2026-08-14T18:20:00+02:00,completed,"[""action_8c767de2c9047bd8"",""action_cd162f0cafce149a"",""action_dffc31abcc4998c5""]",[],
activity_70e2973859fd91ac,act_14_10,tommaso_bianchi,return_home_and_store_purchases,pm_return_home_and_store_purchases,2026-08-14T18:30:00+02:00,2026-08-14T19:00:00+02:00,2026-08-14T18:30:00+02:00,2026-08-14T19:00:00+02:00,completed,"[""action_b429c08d0c984fbc"",""action_1107c21f1a7fb957"",""action_e3a34c4bd1fc7d67"",""action_016169fdd7a5e2d8"",""action_29d4c321f23a583d"",""action_0f1c9aabb1922579"",""action_1782a9a3963c85fc"",""action_81121151583fcebd""]",[],
activity_5d5147e2b2f39fb7,act_14_11,tommaso_bianchi,evening_hygiene,pm_evening_hygiene,2026-08-14T21:30:00+02:00,2026-08-14T21:45:00+02:00,2026-08-14T21:30:00+02:00,2026-08-14T21:45:00+02:00,completed,"[""action_dd23c0a043544421"",""action_b406c0fc8b71b4d2""]",[],
activity_370d06a7abcf2318,act_14_12,tommaso_bianchi,sleep,pm_sleep,2026-08-14T22:30:00+02:00,2026-08-15T06:30:00+02:00,2026-08-14T22:30:00+02:00,2026-08-15T06:30:00+02:00,completed,"[""action_ac610764ed39bbb4"",""action_141b95e56036c75a"",""action_1ad9015fcfaf0499""]",[],
activity_579b15b2b99de4b7,act_15_01,tommaso_bianchi,wake_up_without_alarm,pm_wake_up_without_alarm,2026-08-15T08:00:00+02:00,2026-08-15T08:10:00+02:00,2026-08-15T08:00:00+02:00,2026-08-15T08:10:00+02:00,completed,"[""action_e7b13e5db5809d2b"",""action_2af990d547ae0923""]",[],
activity_8bb863c373aada14,act_15_02,tommaso_bianchi,take_morning_medication,pm_take_medication,2026-08-15T08:15:00+02:00,2026-08-15T08:20:00+02:00,2026-08-15T08:15:00+02:00,2026-08-15T08:20:00+02:00,completed,"[""action_78f4a92f9b13e2d7"",""action_e6791b9803001fae"",""action_a76f6f2d6cba8a2c"",""action_c72aeb93972af912""]",[],
activity_b3c334aa5f6bb845,act_15_03,tommaso_bianchi,prepare_weekend_breakfast,pm_prepare_weekend_breakfast,2026-08-15T08:30:00+02:00,2026-08-15T09:00:00+02:00,2026-08-15T08:30:00+02:00,2026-08-15T09:00:00+02:00,completed,"[""action_df51f1a9c330de1f"",""action_31a61ff6cd390468"",""action_ae94884cceac112d"",""action_fed56cf97a34f762"",""action_19f75fbc635f90ea"",""action_5013d27a9309ca97"",""action_d76cb44917e01973"",""action_bcc337a73524a712""]",[],
activity_3e60463c9244827e,act_15_04,tommaso_bianchi,vacuum_and_dust_apartment,pm_vacuum_and_dust_apartment,2026-08-15T10:00:00+02:00,2026-08-15T10:45:00+02:00,2026-08-15T10:00:00+02:00,2026-08-15T10:45:00+02:00,completed,"[""action_36e303491d3e028a"",""action_a743cdff39a675fa"",""action_43f9fcd7b9b2dfb4"",""action_deaff5ec53006151"",""action_7ce31edf37014b7c"",""action_912e345cb0d30459"",""action_e6c7afc0f2288029"",""action_ad8bd71275c54c48"",""action_fdc4cf33d83e0716""]",[],
activity_e0b9a4ec33fb0023,act_15_05,tommaso_bianchi,prepare_simple_lunch,pm_prepare_simple_lunch,2026-08-15T13:00:00+02:00,2026-08-15T13:30:00+02:00,2026-08-15T13:00:00+02:00,2026-08-15T13:30:00+02:00,completed,"[""action_047edb088a632d38"",""action_cf7f1dfa69d83804"",""action_14aa0ce8fd4c23cd"",""action_e25b1e5ea8a1dcc7"",""action_96ec07d7acf51161"",""action_fce4bbd479cfcc55"",""action_218d64785cba5b8a"",""action_2683fee6a57d902a""]",[],
activity_a3446c7a62979602,act_15_06,tommaso_bianchi,eat_lunch,pm_eat_lunch,2026-08-15T13:35:00+02:00,2026-08-15T14:35:00+02:00,2026-08-15T13:35:00+02:00,2026-08-15T14:35:00+02:00,completed,"[""action_f00425de2c8ab60b"",""action_0dd727e39573a0b9"",""action_e8a3d5b65552b463"",""action_0a6bc4855d4f670b""]",[],
activity_57c6900bd8d19073,act_15_07,tommaso_bianchi,rest_or_nap,pm_rest_or_nap,2026-08-15T15:30:00+02:00,2026-08-15T16:30:00+02:00,2026-08-15T15:30:00+02:00,2026-08-15T16:30:00+02:00,completed,"[""action_0125ddfb5aaf9572"",""action_e7c9a50c6b1e4c3a"",""action_f755241f6f123a2a"",""action_9661ff7c6117d7af"",""action_dc7edc507c2245c6""]",[],
activity_6bed6ad828d5baf9,act_15_08,tommaso_bianchi,evening_hygiene,pm_evening_hygiene,2026-08-15T21:30:00+02:00,2026-08-15T21:45:00+02:00,2026-08-15T21:30:00+02:00,2026-08-15T21:45:00+02:00,completed,"[""action_8afebb6e5369b3b4"",""action_e1248bdb5570da49""]",[],
activity_191e203ba47c0351,act_15_09,tommaso_bianchi,sleep,pm_sleep,2026-08-15T22:30:00+02:00,2026-08-16T06:30:00+02:00,2026-08-15T22:30:00+02:00,2026-08-16T06:30:00+02:00,completed,"[""action_bd2f1d26b382d0a9"",""action_7711b14d9b287d7c"",""action_c460fcdcfaceb5b9""]",[],
activity_adddc5dcea60e5cd,act_16_01,tommaso_bianchi,wake_up_without_alarm,pm_wake_up_without_alarm,2026-08-16T08:00:00+02:00,2026-08-16T08:10:00+02:00,2026-08-16T08:00:00+02:00,2026-08-16T08:10:00+02:00,completed,"[""action_1ab2605ac6a09d7e"",""action_611a9dadad02ebe4""]",[],
activity_9fcfc8f1578b4e79,act_16_02,tommaso_bianchi,take_morning_medication,pm_take_medication,2026-08-16T08:15:00+02:00,2026-08-16T08:20:00+02:00,2026-08-16T08:15:00+02:00,2026-08-16T08:20:00+02:00,completed,"[""action_cab68cb1a5524c3e"",""action_c2bbc94c5647f7c5"",""action_db72699d3963095d"",""action_b0aadbcd08506b08""]",[],
activity_cb1524fb11a4165c,act_16_03,tommaso_bianchi,prepare_weekend_breakfast,pm_prepare_weekend_breakfast,2026-08-16T08:30:00+02:00,2026-08-16T09:00:00+02:00,2026-08-16T08:30:00+02:00,2026-08-16T09:00:00+02:00,completed,"[""action_2cbf11cffcbe2f31"",""action_f96e3b5f52a6c17e"",""action_9bb32351c3a2bc20"",""action_2e600afd87d65f1c"",""action_f34d7fae8604984f"",""action_712a4ec388c27611"",""action_45df6a4cf7e4b2dd"",""action_ba50e2c6bead7b10""]",[],
activity_a9bca42be169af5f,act_16_04,tommaso_bianchi,travel_to_mothers_home,pm_travel_to_mothers_home,2026-08-16T12:00:00+02:00,2026-08-16T12:30:00+02:00,2026-08-16T12:00:00+02:00,2026-08-16T12:30:00+02:00,completed,"[""action_20b45e89b5180080"",""action_77a6cd709ae8ad2c"",""action_c34997c3aa8db0c4""]",[],
activity_d9cda5f0f49ad1ea,act_16_05,tommaso_bianchi,visit_mother_and_have_dinner,pm_visit_mother_and_have_dinner,2026-08-16T12:40:00+02:00,2026-08-16T16:40:00+02:00,2026-08-16T12:40:00+02:00,2026-08-16T16:40:00+02:00,completed,"[""action_06b3daa41833f10d"",""action_3bc734b90056cc5c"",""action_cdb67be69ebac856"",""action_d7e7f04736a30ff0"",""action_0a5ef21b7b315b36""]",[],
activity_299b85bfc70df4b2,act_16_06,tommaso_bianchi,travel_home,pm_travel_home,2026-08-16T17:00:00+02:00,2026-08-16T17:30:00+02:00,2026-08-16T17:00:00+02:00,2026-08-16T17:30:00+02:00,completed,"[""action_21f5176723e34dab"",""action_fafe59788c0f68ef"",""action_474f6e9f22c4a00d"",""action_5d381cb1d6dba1bd"",""action_546d6f69735d6170""]",[],
activity_f026b9a2fe86a3a9,act_16_07,tommaso_bianchi,evening_hygiene,pm_evening_hygiene,2026-08-16T21:30:00+02:00,2026-08-16T21:45:00+02:00,2026-08-16T21:30:00+02:00,2026-08-16T21:45:00+02:00,completed,"[""action_8a23dc3ad51dda38"",""action_a71353ade1081ba9""]",[],
activity_9677f1dc6a23d6d1,act_16_08,tommaso_bianchi,sleep,pm_sleep,2026-08-16T22:30:00+02:00,2026-08-17T06:30:00+02:00,2026-08-16T22:30:00+02:00,2026-08-17T06:30:00+02:00,completed,"[""action_f2c3c3c7f3344d07"",""action_a84fe33d458d29aa"",""action_24ff0ed4d09a6712""]",[],
